Numero de parejas, Tiempo de ejecuci
10, 0.00007940 
10, 0.00022980 
10, 0.00017970 
10, 0.00015630 
10, 0.00024570 
10, 0.00008720 
10, 0.00012940 
10, 0.00023290 
10, 0.00010140 
10, 0.00010590 
10, 0.00012550 
10, 0.00010770 
10, 0.00008440 
10, 0.00008400 
10, 0.00008320 
10, 0.00010540 
10, 0.00009440 
10, 0.00007920 
10, 0.00007600 
10, 0.00007920 
20, 0.00015530 
20, 0.00042310 
20, 0.00016100 
20, 0.00017580 
20, 0.00016380 
20, 0.00024180 
20, 0.00015560 
20, 0.00015510 
20, 0.00014340 
20, 0.00014770 
20, 0.00016350 
20, 0.00015480 
20, 0.00015010 
20, 0.00017250 
20, 0.00016000 
20, 0.00014860 
20, 0.00015360 
20, 0.00014880 
20, 0.00018840 
20, 0.00015320 
30, 0.00035870 
30, 0.00055210 
30, 0.00031040 
30, 0.00026370 
30, 0.00030210 
30, 0.00027220 
30, 0.00040140 
30, 0.00026220 
30, 0.00026880 
30, 0.00026730 
30, 0.00027620 
30, 0.00033510 
30, 0.00067660 
30, 0.00038420 
30, 0.00035040 
30, 0.00032670 
30, 0.00061480 
30, 0.00069540 
30, 0.00027970 
30, 0.00029270 
40, 0.00038400 
40, 0.00034680 
40, 0.00033100 
40, 0.00036240 
40, 0.00035070 
40, 0.00041090 
40, 0.00035220 
40, 0.00050370 
40, 0.00031700 
40, 0.00033450 
40, 0.00035810 
40, 0.00034510 
40, 0.00032030 
40, 0.00037030 
40, 0.00033420 
40, 0.00053190 
40, 0.00071210 
40, 0.00053590 
40, 0.00050210 
40, 0.00051390 
50, 0.00084870 
50, 0.00197990 
50, 0.00084770 
50, 0.00082410 
50, 0.00044800 
50, 0.00076440 
50, 0.00130570 
50, 0.00103980 
50, 0.00086050 
50, 0.00088190 
50, 0.00101200 
50, 0.00079120 
50, 0.00082390 
50, 0.00044530 
50, 0.00074130 
50, 0.00076810 
50, 0.00148090 
50, 0.00077810 
50, 0.00083200 
50, 0.00081270 
60, 0.00113500 
60, 0.00106950 
60, 0.00092580 
60, 0.00098720 
60, 0.00093800 
60, 0.00187760 
60, 0.00122230 
60, 0.00119140 
60, 0.00148470 
60, 0.00143940 
60, 0.00057000 
60, 0.00054800 
60, 0.00055770 
60, 0.00058050 
60, 0.00105050 
60, 0.00102330 
60, 0.00063030 
60, 0.00214890 
60, 0.00114050 
60, 0.00104630 
70, 0.00146210 
70, 0.00135950 
70, 0.00149050 
70, 0.00143010 
70, 0.00148420 
70, 0.00086670 
70, 0.00084920 
70, 0.00080920 
70, 0.00077790 
70, 0.00077990 
70, 0.00081740 
70, 0.00078000 
70, 0.00130920 
70, 0.00093450 
70, 0.00081040 
70, 0.00079580 
70, 0.00075250 
70, 0.00083240 
70, 0.00076780 
70, 0.00075960 
80, 0.00083240 
80, 0.00085720 
80, 0.00083750 
80, 0.00124140 
80, 0.00089730 
80, 0.00204250 
80, 0.00101730 
80, 0.00100670 
80, 0.00081860 
80, 0.00085970 
80, 0.00183730 
80, 0.00090430 
80, 0.00091260 
80, 0.00083120 
80, 0.00087560 
80, 0.00084680 
80, 0.00092010 
80, 0.00104210 
80, 0.00084780 
80, 0.00090300 
90, 0.00220530 
90, 0.00127640 
90, 0.00389190 
90, 0.00150800 
90, 0.00452230 
90, 0.00151790 
90, 0.00124570 
90, 0.00116000 
90, 0.00119250 
90, 0.00109580 
90, 0.00115330 
90, 0.00123450 
90, 0.00115640 
90, 0.00109020 
90, 0.00111800 
90, 0.00112540 
90, 0.00164670 
90, 0.00121070 
90, 0.00130550 
90, 0.00160760 
100, 0.00127110 
100, 0.00124510 
100, 0.00123150 
100, 0.00236760 
100, 0.00143590 
100, 0.00125210 
100, 0.00183340 
100, 0.00144950 
100, 0.00128100 
100, 0.00126930 
100, 0.00130160 
100, 0.00124030 
100, 0.00294410 
100, 0.00164870 
100, 0.00336590 
100, 0.00131910 
100, 0.00128160 
100, 0.00155370 
100, 0.00117920 
100, 0.00127110 
110, 0.00308770 
110, 0.00176190 
110, 0.00184910 
110, 0.00249510 
110, 0.00216230 
110, 0.00180220 
110, 0.00170380 
110, 0.00187240 
110, 0.00187480 
110, 0.00179710 
110, 0.00408090 
110, 0.00252020 
110, 0.00406630 
110, 0.00263270 
110, 0.00181470 
110, 0.00186610 
110, 0.00186260 
110, 0.00177820 
110, 0.00181790 
110, 0.00188890 
120, 0.00237810 
120, 0.00224650 
120, 0.00181910 
120, 0.00185140 
120, 0.00215410 
120, 0.00256190 
120, 0.00307140 
120, 0.00375870 
120, 0.00186200 
120, 0.00189050 
120, 0.00186010 
120, 0.00181520 
120, 0.00208630 
120, 0.00192440 
120, 0.00193850 
120, 0.00257900 
120, 0.00184240 
120, 0.00269770 
120, 0.00203420 
120, 0.00198410 
130, 0.00476220 
130, 0.00391340 
130, 0.00215100 
130, 0.00620580 
130, 0.00197780 
130, 0.00212740 
130, 0.00259690 
130, 0.00596290 
130, 0.00513530 
130, 0.00315160 
130, 0.00453620 
130, 0.00322230 
130, 0.00234800 
130, 0.00484680 
130, 0.00218200 
130, 0.00344760 
130, 0.00216220 
130, 0.00227780 
130, 0.00212710 
130, 0.00370810 
140, 0.00342410 
140, 0.00287890 
140, 0.00294680 
140, 0.00310700 
140, 0.00299780 
140, 0.00396170 
140, 0.00329120 
140, 0.00266560 
140, 0.00279670 
140, 0.00930540 
140, 0.00372070 
140, 0.00272680 
140, 0.00296350 
140, 0.00309570 
140, 0.00282320 
140, 0.00389670 
140, 0.00281240 
140, 0.00321950 
140, 0.00262120 
140, 0.00588250 
150, 0.00362780 
150, 0.00572430 
150, 0.00326230 
150, 0.00505880 
150, 0.00836380 
150, 0.00320320 
150, 0.00345120 
150, 0.00311930 
150, 0.00358790 
150, 0.00320030 
150, 0.00296440 
150, 0.00293500 
150, 0.00501510 
150, 0.00463660 
150, 0.00571990 
150, 0.00350760 
150, 0.00554280 
150, 0.00420840 
150, 0.00336110 
150, 0.00338220 
160, 0.01459090 
160, 0.00595600 
160, 0.00671910 
160, 0.00532830 
160, 0.00617770 
160, 0.00613360 
160, 0.00423120 
160, 0.00349620 
160, 0.00562950 
160, 0.00958050 
160, 0.00726340 
160, 0.00672890 
160, 0.01436380 
160, 0.00648830 
160, 0.00658830 
160, 0.00543360 
160, 0.00564190 
160, 0.00394660 
160, 0.00612370 
160, 0.00675040 
170, 0.01798540 
170, 0.00668340 
170, 0.00867050 
170, 0.01156370 
170, 0.00875060 
170, 0.00720540 
170, 0.00706330 
170, 0.00687010 
170, 0.00944610 
170, 0.01003180 
170, 0.00823860 
170, 0.00861830 
170, 0.00967280 
170, 0.00772400 
170, 0.00808740 
170, 0.00494330 
170, 0.00446710 
170, 0.00597410 
170, 0.00756000 
170, 0.00728450 
180, 0.01592540 
180, 0.00783100 
180, 0.00923280 
180, 0.00839120 
180, 0.00659750 
180, 0.00928050 
180, 0.00765640 
180, 0.00632950 
180, 0.00582420 
180, 0.01062250 
180, 0.00918880 
180, 0.00549410 
180, 0.00727760 
180, 0.01024980 
180, 0.00562250 
180, 0.00973410 
180, 0.00777940 
180, 0.01140200 
180, 0.00669490 
180, 0.00873910 
190, 0.01205100 
190, 0.01121570 
190, 0.01040950 
190, 0.00976230 
190, 0.00553560 
190, 0.00628770 
190, 0.00867800 
190, 0.00591050 
190, 0.00590140 
190, 0.01832600 
190, 0.01064150 
190, 0.01067180 
190, 0.01432850 
190, 0.00983600 
190, 0.00547100 
190, 0.01140250 
190, 0.00992550 
190, 0.00906300 
190, 0.00575810 
190, 0.00922880 
200, 0.01126220 
200, 0.01061940 
200, 0.01157820 
200, 0.01224630 
200, 0.01584250 
200, 0.01138490 
200, 0.01982430 
200, 0.01153890 
200, 0.00886180 
200, 0.00837200 
200, 0.01166100 
200, 0.01025540 
200, 0.00804500 
200, 0.01504330 
200, 0.00954110 
200, 0.00799500 
200, 0.00853700 
200, 0.00928690 
200, 0.01101310 
200, 0.00602910 
210, 0.00989720 
210, 0.00803730 
210, 0.00966570 
210, 0.01376960 
210, 0.01097700 
210, 0.01251110 
210, 0.01016100 
210, 0.01186110 
210, 0.01046150 
210, 0.00919150 
210, 0.01291290 
210, 0.00971860 
210, 0.01057490 
210, 0.00848550 
210, 0.01031520 
210, 0.01452120 
210, 0.00777230 
210, 0.01017070 
210, 0.01330940 
210, 0.01141040 
220, 0.01430220 
220, 0.01830560 
220, 0.01344690 
220, 0.01286820 
220, 0.01322370 
220, 0.01577890 
220, 0.01110830 
220, 0.01066610 
220, 0.01192940 
220, 0.01884080 
220, 0.01412030 
220, 0.01289080 
220, 0.02050780 
220, 0.01464800 
220, 0.01312810 
220, 0.01235280 
220, 0.00906290 
220, 0.01187730 
220, 0.00792030 
220, 0.01195310 
230, 0.00713360 
230, 0.01142830 
230, 0.00759440 
230, 0.01705700 
230, 0.00811800 
230, 0.01171910 
230, 0.01030440 
230, 0.00736490 
230, 0.00949390 
230, 0.01365120 
230, 0.00711420 
230, 0.02006360 
230, 0.01081080 
230, 0.00897420 
230, 0.00712750 
230, 0.00831490 
230, 0.01287290 
230, 0.01134490 
230, 0.01093990 
230, 0.00847060 
240, 0.01713660 
240, 0.02409570 
240, 0.01800240 
240, 0.01502160 
240, 0.01368240 
240, 0.01603250 
240, 0.02706540 
240, 0.02962320 
240, 0.01995730 
240, 0.01609000 
240, 0.01396540 
240, 0.01779640 
240, 0.01801800 
240, 0.01384380 
240, 0.02474510 
240, 0.01519840 
240, 0.01817040 
240, 0.01741440 
240, 0.01405860 
240, 0.01552820 
250, 0.01737430 
250, 0.01435930 
250, 0.01648980 
250, 0.01071550 
250, 0.01550990 
250, 0.01685730 
250, 0.02876400 
250, 0.01190400 
250, 0.01549760 
250, 0.02143320 
250, 0.03038580 
250, 0.01985180 
250, 0.01948590 
250, 0.01848120 
250, 0.02132630 
250, 0.02113330 
250, 0.01528770 
250, 0.01207500 
250, 0.01334040 
250, 0.01458170 
260, 0.03172340 
260, 0.01499910 
260, 0.02384750 
260, 0.01054090 
260, 0.00933650 
260, 0.01155490 
260, 0.01970020 
260, 0.01228210 
260, 0.01710780 
260, 0.03364550 
260, 0.02819800 
260, 0.03538750 
260, 0.01580620 
260, 0.01442120 
260, 0.01482120 
260, 0.01594480 
260, 0.02046320 
260, 0.01561660 
260, 0.02936090 
260, 0.01684180 
270, 0.01609730 
270, 0.01709790 
270, 0.01800730 
270, 0.01867020 
270, 0.02250390 
270, 0.02067060 
270, 0.02377260 
270, 0.01925060 
270, 0.02080870 
270, 0.01886670 
270, 0.01938260 
270, 0.02010470 
270, 0.03394540 
270, 0.01739310 
270, 0.01857510 
270, 0.02009380 
270, 0.02229930 
270, 0.01965840 
270, 0.02114300 
270, 0.01642860 
280, 0.01954780 
280, 0.01867140 
280, 0.02324320 
280, 0.02229090 
280, 0.02628060 
280, 0.02095750 
280, 0.01935790 
280, 0.01924430 
280, 0.01902550 
280, 0.01928400 
280, 0.01668450 
280, 0.02011850 
280, 0.01664730 
280, 0.02210040 
280, 0.02275200 
280, 0.01730680 
280, 0.02311730 
280, 0.01773180 
280, 0.02487170 
280, 0.03461750 
290, 0.01757180 
290, 0.02535910 
290, 0.02434570 
290, 0.01188460 
290, 0.01177680 
290, 0.02135670 
290, 0.02403620 
290, 0.03311490 
290, 0.01273290 
290, 0.01796560 
290, 0.01325230 
290, 0.01726170 
290, 0.01634480 
290, 0.01732050 
290, 0.01524480 
290, 0.02047340 
290, 0.01693400 
290, 0.02766650 
290, 0.02269610 
290, 0.01699740 
300, 0.02013200 
300, 0.01484530 
300, 0.01560740 
300, 0.02337750 
300, 0.01641820 
300, 0.02543930 
300, 0.03675730 
300, 0.01468690 
300, 0.01416370 
300, 0.03043200 
300, 0.02208660 
300, 0.03972870 
300, 0.01976630 
300, 0.01922490 
300, 0.02863790 
300, 0.02616560 
300, 0.03143870 
300, 0.01794410 
300, 0.02442470 
300, 0.02399340 
310, 0.02251070 
310, 0.02454250 
310, 0.02388500 
310, 0.02312030 
310, 0.02429320 
310, 0.02281110 
310, 0.01930590 
310, 0.02687170 
310, 0.02893860 
310, 0.02653320 
310, 0.03975540 
310, 0.02190240 
310, 0.02666220 
310, 0.02303120 
310, 0.02456980 
310, 0.03129140 
310, 0.02985660 
310, 0.02274250 
310, 0.02922980 
310, 0.03082500 
320, 0.02693880 
320, 0.02128560 
320, 0.02749500 
320, 0.03356760 
320, 0.02914150 
320, 0.02512350 
320, 0.03464070 
320, 0.02582440 
320, 0.04350800 
320, 0.02463660 
320, 0.04805170 
320, 0.03335350 
320, 0.03553430 
320, 0.02685310 
320, 0.02268990 
320, 0.03230040 
320, 0.02740050 
320, 0.03280300 
320, 0.05114880 
320, 0.03294590 
330, 0.02655500 
330, 0.02815250 
330, 0.02602680 
330, 0.02732820 
330, 0.02663690 
330, 0.03036790 
330, 0.02477710 
330, 0.03121460 
330, 0.03334340 
330, 0.02727130 
330, 0.02524600 
330, 0.02868820 
330, 0.03299890 
330, 0.03522840 
330, 0.02942090 
330, 0.03791020 
330, 0.02927070 
330, 0.02000810 
330, 0.02330300 
330, 0.02718990 
340, 0.03575590 
340, 0.03355660 
340, 0.03381120 
340, 0.02488550 
340, 0.01749780 
340, 0.02804940 
340, 0.02870940 
340, 0.03056050 
340, 0.04147160 
340, 0.02797830 
340, 0.02783960 
340, 0.02719660 
340, 0.02054990 
340, 0.05776800 
340, 0.03543420 
340, 0.03264830 
340, 0.04030610 
340, 0.04027970 
340, 0.02691020 
340, 0.02778980 
350, 0.02668390 
350, 0.05900160 
350, 0.03428860 
350, 0.04650350 
350, 0.02749530 
350, 0.02919180 
350, 0.03234880 
350, 0.02899660 
350, 0.04294690 
350, 0.03488040 
350, 0.06217930 
350, 0.02935250 
350, 0.02486940 
350, 0.03647670 
350, 0.02774530 
350, 0.04570670 
350, 0.02894300 
350, 0.03840630 
350, 0.03352490 
350, 0.02808630 
360, 0.04424580 
360, 0.03131780 
360, 0.04877780 
360, 0.03670100 
360, 0.04002600 
360, 0.03237420 
360, 0.03070660 
360, 0.03350110 
360, 0.03066850 
360, 0.03991820 
360, 0.02580540 
360, 0.03140630 
360, 0.02302740 
360, 0.02307130 
360, 0.02051120 
360, 0.02405600 
360, 0.02470510 
360, 0.02074590 
360, 0.04400350 
360, 0.02267320 
370, 0.03306770 
370, 0.03015720 
370, 0.02642990 
370, 0.05492870 
370, 0.02292800 
370, 0.02312360 
370, 0.01965580 
370, 0.04502610 
370, 0.04488470 
370, 0.04227980 
370, 0.03310920 
370, 0.02676670 
370, 0.03274640 
370, 0.02038270 
370, 0.02622020 
370, 0.03217130 
370, 0.03140350 
370, 0.02953510 
370, 0.02550530 
370, 0.02663710 
380, 0.02119400 
380, 0.02835680 
380, 0.04476760 
380, 0.02942900 
380, 0.03399320 
380, 0.05750320 
380, 0.03115160 
380, 0.03245570 
380, 0.06503570 
380, 0.03843920 
380, 0.04073300 
380, 0.03696220 
380, 0.03279040 
380, 0.03169100 
380, 0.03165170 
380, 0.06886600 
380, 0.04960320 
380, 0.06537390 
380, 0.03079820 
380, 0.04972400 
390, 0.02895100 
390, 0.02319180 
390, 0.05141040 
390, 0.04118010 
390, 0.04624910 
390, 0.05730620 
390, 0.04405670 
390, 0.03286600 
390, 0.03077730 
390, 0.04196180 
390, 0.03427090 
390, 0.04254120 
390, 0.04392120 
390, 0.04053350 
390, 0.05125960 
390, 0.03594510 
390, 0.05688180 
390, 0.03884850 
390, 0.04739090 
390, 0.03479590 
400, 0.04846780 
400, 0.06170980 
400, 0.06246210 
400, 0.04816120 
400, 0.06404580 
400, 0.06838060 
400, 0.06279760 
400, 0.04493630 
400, 0.05736150 
400, 0.04666160 
400, 0.06208720 
400, 0.05053030 
400, 0.05482640 
400, 0.05058990 
400, 0.07329750 
400, 0.06655450 
400, 0.08238640 
400, 0.07149370 
400, 0.06273590 
400, 0.06771920 
410, 0.04879670 
410, 0.05525810 
410, 0.05643270 
410, 0.05609520 
410, 0.05331380 
410, 0.06115600 
410, 0.04696090 
410, 0.04988660 
410, 0.05667570 
410, 0.08408140 
410, 0.04767050 
410, 0.04869870 
410, 0.03936620 
410, 0.05408350 
410, 0.04446040 
410, 0.04011880 
410, 0.04619490 
410, 0.04962070 
410, 0.02877820 
410, 0.05033030 
420, 0.05792470 
420, 0.06797480 
420, 0.05922930 
420, 0.03277220 
420, 0.04082370 
420, 0.05368960 
420, 0.06317190 
420, 0.07694830 
420, 0.07958140 
420, 0.06095190 
420, 0.06589700 
420, 0.08188490 
420, 0.04751350 
420, 0.04800880 
420, 0.05833080 
420, 0.04583410 
420, 0.04500110 
420, 0.06245780 
420, 0.06935430 
420, 0.07685690 
430, 0.04778320 
430, 0.04014880 
430, 0.03376230 
430, 0.03504840 
430, 0.04595090 
430, 0.05245670 
430, 0.04017810 
430, 0.06110090 
430, 0.03124300 
430, 0.03330110 
430, 0.03326270 
430, 0.02965470 
430, 0.03990590 
430, 0.04611620 
430, 0.03830070 
430, 0.03488410 
430, 0.03264990 
430, 0.03178700 
430, 0.04757670 
430, 0.03106570 
440, 0.03890440 
440, 0.03134520 
440, 0.03284620 
440, 0.04047670 
440, 0.03408370 
440, 0.03423060 
440, 0.03130230 
440, 0.03219750 
440, 0.03566380 
440, 0.03507340 
440, 0.03131410 
440, 0.03054300 
440, 0.03145810 
440, 0.04035730 
440, 0.03338570 
440, 0.03316490 
440, 0.03438500 
440, 0.03328530 
440, 0.03461230 
440, 0.04011200 
450, 0.03941220 
450, 0.03420610 
450, 0.03347230 
450, 0.03442300 
450, 0.03224830 
450, 0.03486780 
450, 0.03604570 
450, 0.03343980 
450, 0.03453380 
450, 0.03356770 
450, 0.03511900 
450, 0.03838110 
450, 0.03959540 
450, 0.07364670 
450, 0.03175880 
450, 0.03111560 
450, 0.03242200 
450, 0.03157190 
450, 0.03272810 
450, 0.03317710 
460, 0.04076380 
460, 0.03742490 
460, 0.03903510 
460, 0.04002460 
460, 0.03811400 
460, 0.03660390 
460, 0.03558080 
460, 0.03624760 
460, 0.03400410 
460, 0.03290210 
460, 0.03308310 
460, 0.03540290 
460, 0.03717960 
460, 0.03987660 
460, 0.03482710 
460, 0.03479520 
460, 0.03471640 
460, 0.05090300 
460, 0.03583300 
460, 0.03473630 
470, 0.03522550 
470, 0.03452910 
470, 0.04116540 
470, 0.03837210 
470, 0.03653800 
470, 0.03903420 
470, 0.03419730 
470, 0.03550970 
470, 0.03644380 
470, 0.03776510 
470, 0.03885930 
470, 0.03510400 
470, 0.03907220 
470, 0.03987840 
470, 0.03736260 
470, 0.03624120 
470, 0.03662970 
470, 0.03478230 
470, 0.03736600 
470, 0.03512540 
480, 0.05639680 
480, 0.04004740 
480, 0.04119630 
480, 0.04038160 
480, 0.04036160 
480, 0.04570770 
480, 0.04007250 
480, 0.04143770 
480, 0.05750000 
480, 0.04266670 
480, 0.04991090 
480, 0.06169560 
480, 0.04101270 
480, 0.06189170 
480, 0.04376750 
480, 0.04221140 
480, 0.04220070 
480, 0.04998440 
480, 0.05341880 
480, 0.05410090 
490, 0.04154800 
490, 0.04244910 
490, 0.04189190 
490, 0.05321260 
490, 0.05752220 
490, 0.03998350 
490, 0.04001920 
490, 0.03856140 
490, 0.03892240 
490, 0.04221810 
490, 0.03881200 
490, 0.04364230 
490, 0.04040570 
490, 0.04765780 
490, 0.04744090 
490, 0.04136170 
490, 0.04305980 
490, 0.06462370 
490, 0.05070030 
490, 0.06657830 
500, 0.05896780 
500, 0.05404630 
500, 0.05417810 
500, 0.04937430 
500, 0.04356010 
500, 0.04312590 
500, 0.04269070 
500, 0.06081240 
500, 0.04426390 
500, 0.04495320 
500, 0.08113960 
500, 0.04179130 
500, 0.04247970 
500, 0.04308420 
500, 0.04656180 
500, 0.05994310 
500, 0.07051250 
500, 0.04596600 
500, 0.06150270 
500, 0.06681460 
510, 0.07284940 
510, 0.07655780 
510, 0.06708570 
510, 0.05775400 
510, 0.06946240 
510, 0.06790190 
510, 0.06558590 
510, 0.07305460 
510, 0.07285050 
510, 0.06936830 
510, 0.06714160 
510, 0.07830580 
510, 0.07434740 
510, 0.06250750 
510, 0.06573500 
510, 0.08020710 
510, 0.07587260 
510, 0.08910350 
510, 0.07752840 
510, 0.07943590 
520, 0.07351900 
520, 0.07395280 
520, 0.07702120 
520, 0.07497370 
520, 0.06822680 
520, 0.05020080 
520, 0.05160990 
520, 0.06452880 
520, 0.05170730 
520, 0.06829490 
520, 0.05028700 
520, 0.05296170 
520, 0.05132710 
520, 0.05587880 
520, 0.05141570 
520, 0.05372460 
520, 0.05381690 
520, 0.05578380 
520, 0.05091290 
520, 0.06963360 
530, 0.07527080 
530, 0.07140410 
530, 0.05772010 
530, 0.06152360 
530, 0.05332530 
530, 0.10251500 
530, 0.05477450 
530, 0.05071260 
530, 0.07960550 
530, 0.05584220 
530, 0.05036480 
530, 0.04576170 
530, 0.04973830 
530, 0.04983600 
530, 0.05167750 
530, 0.04664680 
530, 0.04992760 
530, 0.06799960 
530, 0.05696170 
530, 0.05113140 
540, 0.05497550 
540, 0.05307110 
540, 0.05602590 
540, 0.06117340 
540, 0.06140780 
540, 0.05959990 
540, 0.05858490 
540, 0.06215670 
540, 0.05790160 
540, 0.05774040 
540, 0.07053940 
540, 0.05781950 
540, 0.05803420 
540, 0.05830180 
540, 0.05356840 
540, 0.07826630 
540, 0.06006660 
540, 0.05377080 
540, 0.05357100 
540, 0.06211250 
550, 0.05757280 
550, 0.05121840 
550, 0.04915590 
550, 0.05013040 
550, 0.04755310 
550, 0.05368170 
550, 0.05192810 
550, 0.04976110 
550, 0.05451330 
550, 0.04657480 
550, 0.05108490 
550, 0.04820760 
550, 0.04777520 
550, 0.04781590 
550, 0.05463020 
550, 0.04871660 
550, 0.05086290 
550, 0.04875430 
550, 0.04897720 
550, 0.04869280 
560, 0.06359570 
560, 0.05864460 
560, 0.06099040 
560, 0.06012370 
560, 0.06180000 
560, 0.05957350 
560, 0.05614240 
560, 0.06114330 
560, 0.05856320 
560, 0.05776450 
560, 0.05934240 
560, 0.05971770 
560, 0.05943250 
560, 0.07360000 
560, 0.06210770 
560, 0.05994590 
560, 0.06339410 
560, 0.08007520 
560, 0.06427000 
560, 0.05865220 
570, 0.05433630 
570, 0.05151210 
570, 0.05825590 
570, 0.05982740 
570, 0.05909480 
570, 0.05990610 
570, 0.06443510 
570, 0.06358740 
570, 0.05615690 
570, 0.06081650 
570, 0.06380340 
570, 0.06965420 
570, 0.06457760 
570, 0.06921450 
570, 0.09834040 
570, 0.08178250 
570, 0.07972500 
570, 0.07578100 
570, 0.09088010 
570, 0.07852220 
580, 0.08828530 
580, 0.09673190 
580, 0.07184950 
580, 0.07544030 
580, 0.06734910 
580, 0.07554210 
580, 0.09451350 
580, 0.06412580 
580, 0.06797800 
580, 0.06977150 
580, 0.07891140 
580, 0.06329610 
580, 0.06245470 
580, 0.06606470 
580, 0.06816410 
580, 0.06682050 
580, 0.06024890 
580, 0.06402090 
580, 0.06662520 
580, 0.06158280 
590, 0.06855060 
590, 0.06678270 
590, 0.07252650 
590, 0.07391250 
590, 0.06900600 
590, 0.06343010 
590, 0.06123520 
590, 0.07498290 
590, 0.06445820 
590, 0.06248790 
590, 0.10757260 
590, 0.08841230 
590, 0.07620920 
590, 0.08419350 
590, 0.07718690 
590, 0.07230440 
590, 0.07370500 
590, 0.06236640 
590, 0.08238890 
590, 0.13648740 
600, 0.09210810 
600, 0.08504930 
600, 0.09042850 
600, 0.07851210 
600, 0.07483110 
600, 0.06824720 
600, 0.06996440 
600, 0.06482480 
600, 0.09701950 
600, 0.07113010 
600, 0.06858260 
600, 0.08250080 
600, 0.06527160 
600, 0.06910790 
600, 0.08812190 
600, 0.06163370 
600, 0.06421770 
600, 0.06076990 
600, 0.06746650 
600, 0.05914280 
610, 0.07228660 
610, 0.07605710 
610, 0.07264110 
610, 0.07479990 
610, 0.06948100 
610, 0.07210680 
610, 0.06783260 
610, 0.06317150 
610, 0.06269600 
610, 0.06301260 
610, 0.06321670 
610, 0.07013840 
610, 0.06426580 
610, 0.06742350 
610, 0.06292330 
610, 0.06487840 
610, 0.06729980 
610, 0.06209360 
610, 0.06467770 
610, 0.07168010 
620, 0.07856700 
620, 0.07332210 
620, 0.07455810 
620, 0.13149090 
620, 0.08550680 
620, 0.10737250 
620, 0.08070250 
620, 0.07568340 
620, 0.07139320 
620, 0.07623600 
620, 0.09462380 
620, 0.09550470 
620, 0.07852710 
620, 0.07883320 
620, 0.08040600 
620, 0.07425360 
620, 0.07465800 
620, 0.07319530 
620, 0.07648950 
620, 0.07500040 
630, 0.07135490 
630, 0.10205840 
630, 0.07574730 
630, 0.07497370 
630, 0.08517900 
630, 0.09869770 
630, 0.08122360 
630, 0.08537650 
630, 0.11584240 
630, 0.08719710 
630, 0.08739400 
630, 0.08722530 
630, 0.12096680 
630, 0.10233080 
630, 0.10378750 
630, 0.09376210 
630, 0.08866780 
630, 0.08150580 
630, 0.07992450 
630, 0.08502060 
640, 0.08522060 
640, 0.08591910 
640, 0.11826820 
640, 0.10747420 
640, 0.08286780 
640, 0.09771320 
640, 0.09311560 
640, 0.08515190 
640, 0.11423520 
640, 0.08157370 
640, 0.08304230 
640, 0.07803970 
640, 0.08551510 
640, 0.08189890 
640, 0.08385070 
640, 0.08151430 
640, 0.08266290 
640, 0.08357990 
640, 0.08687180 
640, 0.07420960 
650, 0.09145680 
650, 0.08176810 
650, 0.08370670 
650, 0.08394510 
650, 0.08380700 
650, 0.08026180 
650, 0.08216560 
650, 0.08309650 
650, 0.08397170 
650, 0.07923040 
650, 0.07937410 
650, 0.10627960 
650, 0.07705630 
650, 0.08259230 
650, 0.07553660 
650, 0.08376990 
650, 0.07269780 
650, 0.07589690 
650, 0.07525940 
650, 0.07731690 
660, 0.08037370 
660, 0.07608280 
660, 0.09057870 
660, 0.10819670 
660, 0.08626140 
660, 0.07519720 
660, 0.07730020 
660, 0.07896550 
660, 0.07307060 
660, 0.07388760 
660, 0.07209770 
660, 0.07889960 
660, 0.07749580 
660, 0.07507180 
660, 0.07423860 
660, 0.07637590 
660, 0.07993970 
660, 0.07101860 
660, 0.07357290 
660, 0.07563590 
670, 0.08735780 
670, 0.08251520 
670, 0.08530110 
670, 0.08396200 
670, 0.08472000 
670, 0.08138100 
670, 0.08926160 
670, 0.07612470 
670, 0.08117370 
670, 0.08481330 
670, 0.08050040 
670, 0.07969870 
670, 0.09397830 
670, 0.08522260 
670, 0.08196360 
670, 0.08065770 
670, 0.08225840 
670, 0.07950320 
670, 0.08004150 
670, 0.08136880 
680, 0.08947790 
680, 0.08677990 
680, 0.08508270 
680, 0.08876430 
680, 0.08750100 
680, 0.08365950 
680, 0.08837900 
680, 0.12139990 
680, 0.10790250 
680, 0.08086740 
680, 0.08234870 
680, 0.08667670 
680, 0.08744800 
680, 0.07925780 
680, 0.08123410 
680, 0.08978850 
680, 0.08885300 
680, 0.07980470 
680, 0.08607840 
680, 0.08392590 
690, 0.10493890 
690, 0.08039620 
690, 0.08635790 
690, 0.09769000 
690, 0.09954620 
690, 0.09075170 
690, 0.08040320 
690, 0.08555680 
690, 0.07862070 
690, 0.07740290 
690, 0.07704030 
690, 0.09280790 
690, 0.09437330 
690, 0.09128920 
690, 0.10506980 
690, 0.10559740 
690, 0.08856900 
690, 0.08884950 
690, 0.09883540 
690, 0.08953270 
700, 0.10491650 
700, 0.10355650 
700, 0.11887120 
700, 0.09839930 
700, 0.09579680 
700, 0.09882790 
700, 0.12488680 
700, 0.12585440 
700, 0.10479600 
700, 0.09255390 
700, 0.09529920 
700, 0.09844990 
700, 0.09884310 
700, 0.09316480 
700, 0.08937910 
700, 0.08875600 
700, 0.08678290 
700, 0.08130460 
700, 0.08826590 
700, 0.09113430 
710, 0.09050470 
710, 0.09827590 
710, 0.10697570 
710, 0.10606490 
710, 0.09555670 
710, 0.09750590 
710, 0.09741890 
710, 0.08804840 
710, 0.08531270 
710, 0.08635680 
710, 0.08616990 
710, 0.08486430 
710, 0.08238020 
710, 0.08602840 
710, 0.08769740 
710, 0.08427880 
710, 0.08239170 
710, 0.08767670 
710, 0.08625950 
710, 0.08354230 
720, 0.08672560 
720, 0.09271020 
720, 0.09314520 
720, 0.08928660 
720, 0.09676150 
720, 0.09943920 
720, 0.09796590 
720, 0.10337550 
720, 0.09681090 
720, 0.09098660 
720, 0.08906560 
720, 0.08185510 
720, 0.09079290 
720, 0.08635140 
720, 0.08537270 
720, 0.08255710 
720, 0.08543480 
720, 0.08527810 
720, 0.08113670 
720, 0.08297010 
730, 0.09738630 
730, 0.09312960 
730, 0.09422700 
730, 0.10170830 
730, 0.10036050 
730, 0.09278650 
730, 0.09229220 
730, 0.09898980 
730, 0.09946630 
730, 0.09473500 
730, 0.09210430 
730, 0.09822530 
730, 0.09579150 
730, 0.09175810 
730, 0.09318180 
730, 0.10077840 
730, 0.10351810 
730, 0.09631890 
730, 0.09765610 
730, 0.10373560 
740, 0.09487790 
740, 0.09332280 
740, 0.10080650 
740, 0.09640080 
740, 0.09576550 
740, 0.09156740 
740, 0.09848150 
740, 0.10484150 
740, 0.09265690 
740, 0.09678950 
740, 0.09977270 
740, 0.09480190 
740, 0.09242980 
740, 0.10562150 
740, 0.09996970 
740, 0.09385870 
740, 0.09029460 
740, 0.09644850 
740, 0.09452670 
740, 0.09191880 
750, 0.09850390 
750, 0.10424980 
750, 0.10671890 
750, 0.09731450 
750, 0.09771180 
750, 0.09300100 
750, 0.09404210 
750, 0.09061250 
750, 0.09305710 
750, 0.09365360 
750, 0.09298790 
750, 0.09513280 
750, 0.10315760 
750, 0.10429530 
750, 0.10190430 
750, 0.12326880 
750, 0.10677380 
750, 0.10434710 
750, 0.10602400 
750, 0.10339920 
760, 0.10383720 
760, 0.12228120 
760, 0.11678420 
760, 0.12776040 
760, 0.24433590 
760, 0.10142470 
760, 0.10374220 
760, 0.10302690 
760, 0.11014260 
760, 0.10622340 
760, 0.11066330 
760, 0.11233330 
760, 0.11068660 
760, 0.10473880 
760, 0.10388200 
760, 0.11663980 
760, 0.11121480 
760, 0.10557490 
760, 0.10926670 
760, 0.10796290 
770, 0.10095790 
770, 0.09328080 
770, 0.11218850 
770, 0.10366950 
770, 0.10176760 
770, 0.10267750 
770, 0.10468610 
770, 0.09880670 
770, 0.09734280 
770, 0.10500560 
770, 0.10121570 
770, 0.10054480 
770, 0.09840460 
770, 0.11152370 
770, 0.11007070 
770, 0.10826340 
770, 0.10156810 
770, 0.10359810 
770, 0.09662320 
770, 0.09660380 
780, 0.10836850 
780, 0.11670280 
780, 0.12976880 
780, 0.14858940 
780, 0.11008790 
780, 0.11407550 
780, 0.11669860 
780, 0.11200530 
780, 0.11066530 
780, 0.11213980 
780, 0.12193820 
780, 0.10944080 
780, 0.10990050 
780, 0.11389480 
780, 0.11282550 
780, 0.10938570 
780, 0.11050750 
780, 0.11691270 
780, 0.11078850 
780, 0.11323330 
790, 0.10846830 
790, 0.10641290 
790, 0.10449520 
790, 0.12000660 
790, 0.10911130 
790, 0.09796450 
790, 0.09876330 
790, 0.10449760 
790, 0.10124490 
790, 0.10113810 
790, 0.11974730 
790, 0.10511950 
790, 0.10071970 
790, 0.09610060 
790, 0.10979400 
790, 0.10034370 
790, 0.10178750 
790, 0.15793860 
790, 0.10513330 
790, 0.11814300 
800, 0.16224260 
800, 0.11152000 
800, 0.11065460 
800, 0.11878030 
800, 0.11671030 
800, 0.10968060 
800, 0.10795790 
800, 0.13159010 
800, 0.11006970 
800, 0.10468520 
800, 0.10853140 
800, 0.10481560 
800, 0.10143580 
800, 0.10460300 
800, 0.11245440 
800, 0.10665900 
800, 0.10880840 
800, 0.11026750 
800, 0.11474050 
800, 0.10703790 
810, 0.11259590 
810, 0.11736190 
810, 0.11474670 
810, 0.11249090 
810, 0.11675860 
810, 0.12231810 
810, 0.11166160 
810, 0.11300200 
810, 0.11460100 
810, 0.10456560 
810, 0.10338610 
810, 0.11349120 
810, 0.10849460 
810, 0.10500850 
810, 0.11626630 
810, 0.11229340 
810, 0.10442540 
810, 0.11243150 
810, 0.11186040 
810, 0.10754140 
820, 0.11159520 
820, 0.12893780 
820, 0.11596130 
820, 0.11701100 
820, 0.11442710 
820, 0.11050640 
820, 0.10680280 
820, 0.11436390 
820, 0.10671530 
820, 0.10858990 
820, 0.12149330 
820, 0.11398930 
820, 0.11371120 
820, 0.10716980 
820, 0.11549320 
820, 0.11061610 
820, 0.12545420 
820, 0.16294570 
820, 0.10517310 
820, 0.10511860 
830, 0.11361420 
830, 0.12303740 
830, 0.11653550 
830, 0.12445250 
830, 0.11841050 
830, 0.11870450 
830, 0.11659290 
830, 0.13268010 
830, 0.12188380 
830, 0.12065900 
830, 0.21211650 
830, 0.12845710 
830, 0.11126320 
830, 0.11624170 
830, 0.11272190 
830, 0.11463910 
830, 0.12917840 
830, 0.11696620 
830, 0.11260760 
830, 0.11476410 
840, 0.12177360 
840, 0.11699000 
840, 0.12616250 
840, 0.14019710 
840, 0.12641540 
840, 0.11838040 
840, 0.12316090 
840, 0.12709650 
840, 0.12971950 
840, 0.12570990 
840, 0.13981260 
840, 0.13953450 
840, 0.17278510 
840, 0.16470510 
840, 0.15890130 
840, 0.19609270 
840, 0.16523840 
840, 0.22138810 
840, 0.23416130 
840, 0.17091740 
850, 0.16147130 
850, 0.18544680 
850, 0.19166260 
850, 0.18078770 
850, 0.13814560 
850, 0.12893140 
850, 0.13282090 
850, 0.12793660 
850, 0.13037280 
850, 0.14114810 
850, 0.13257070 
850, 0.14281650 
850, 0.12855360 
850, 0.11745400 
850, 0.12373670 
850, 0.12507460 
850, 0.12125330 
850, 0.11795110 
850, 0.12913600 
850, 0.12520420 
860, 0.13252870 
860, 0.15659080 
860, 0.15898360 
860, 0.13054040 
860, 0.13266310 
860, 0.13332900 
860, 0.12881630 
860, 0.13193580 
860, 0.13924700 
860, 0.12996890 
860, 0.13004150 
860, 0.13568560 
860, 0.12860940 
860, 0.13753710 
860, 0.16463700 
860, 0.13192230 
860, 0.16101250 
860, 0.13061530 
860, 0.12752150 
860, 0.13606200 
870, 0.12244140 
870, 0.12113190 
870, 0.12435610 
870, 0.12752930 
870, 0.11644680 
870, 0.11904610 
870, 0.12476320 
870, 0.11876690 
870, 0.11863570 
870, 0.12436040 
870, 0.11684890 
870, 0.11555310 
870, 0.12242320 
870, 0.12066250 
870, 0.11820860 
870, 0.12136580 
870, 0.12820890 
870, 0.11834840 
870, 0.11542680 
870, 0.13030710 
880, 0.12347660 
880, 0.12994070 
880, 0.13420670 
880, 0.13480910 
880, 0.11333590 
880, 0.12515960 
880, 0.11775650 
880, 0.12559090 
880, 0.12715100 
880, 0.12367430 
880, 0.12888950 
880, 0.13108740 
880, 0.12107650 
880, 0.11834500 
880, 0.12112490 
880, 0.12939100 
880, 0.12402330 
880, 0.14745020 
880, 0.12061850 
880, 0.11766770 
890, 0.14146820 
890, 0.14037210 
890, 0.14036110 
890, 0.15252910 
890, 0.14093680 
890, 0.21810070 
890, 0.17248750 
890, 0.14051630 
890, 0.15599340 
890, 0.12844860 
890, 0.19942680 
890, 0.19752830 
890, 0.16200710 
890, 0.17667120 
890, 0.18870720 
890, 0.19383350 
890, 0.18578060 
890, 0.24489440 
890, 0.20398730 
890, 0.14300480 
900, 0.19118760 
900, 0.20835700 
900, 0.19976960 
900, 0.18265900 
900, 0.19412010 
900, 0.12698340 
900, 0.13919410 
900, 0.17538300 
900, 0.12870730 
900, 0.20594870 
900, 0.13551920 
900, 0.13154970 
900, 0.20556740 
900, 0.12988850 
900, 0.14426670 
900, 0.20578170 
900, 0.14212860 
900, 0.19048780 
900, 0.13532960 
900, 0.14266860 
910, 0.20788380 
910, 0.22015580 
910, 0.23896210 
910, 0.16184680 
910, 0.15178130 
910, 0.26059000 
910, 0.14551080 
910, 0.19530710 
910, 0.17199670 
910, 0.14314780 
910, 0.13991400 
910, 0.19541040 
910, 0.21374870 
910, 0.16380570 
910, 0.13785230 
910, 0.15986780 
910, 0.18199600 
910, 0.25720680 
910, 0.28086380 
910, 0.28913920 
920, 0.20478680 
920, 0.22609800 
920, 0.17934400 
920, 0.22369160 
920, 0.16615630 
920, 0.28269980 
920, 0.17099840 
920, 0.21642860 
920, 0.17161480 
920, 0.18544170 
920, 0.17770450 
920, 0.18101450 
920, 0.19733220 
920, 0.13520040 
920, 0.19488340 
920, 0.12399270 
920, 0.19070250 
920, 0.20910760 
920, 0.16944340 
920, 0.21464250 
930, 0.20669790 
930, 0.21034310 
930, 0.18996030 
930, 0.18829490 
930, 0.30135390 
930, 0.31161060 
930, 0.22127190 
930, 0.26088980 
930, 0.27526830 
930, 0.23527920 
930, 0.17747520 
930, 0.19888540 
930, 0.17943400 
930, 0.17946110 
930, 0.15328760 
930, 0.17751510 
930, 0.31220770 
930, 0.30664800 
930, 0.23888320 
930, 0.22422050 
940, 0.22594430 
940, 0.39722990 
940, 0.35893790 
940, 0.23139990 
940, 0.17690080 
940, 0.17490740 
940, 0.33311850 
940, 0.17332250 
940, 0.22736050 
940, 0.15469900 
940, 0.19383360 
940, 0.16235760 
940, 0.16984570 
940, 0.23250860 
940, 0.15592080 
940, 0.31458310 
940, 0.18648890 
940, 0.23039210 
940, 0.23423860 
940, 0.21738400 
950, 0.13668820 
950, 0.22546150 
950, 0.14378290 
950, 0.18531600 
950, 0.20842830 
950, 0.17836880 
950, 0.15697460 
950, 0.13935840 
950, 0.16772150 
950, 0.22522580 
950, 0.12752290 
950, 0.16398840 
950, 0.22891990 
950, 0.21966780 
950, 0.20781190 
950, 0.18993360 
950, 0.21451110 
950, 0.19297890 
950, 0.21422980 
950, 0.19710580 
960, 0.21899990 
960, 0.24730110 
960, 0.25598820 
960, 0.23750230 
960, 0.24429560 
960, 0.23539950 
960, 0.21345740 
960, 0.30943380 
960, 0.32371920 
960, 0.33788550 
960, 0.24667380 
960, 0.26770900 
960, 0.29823220 
960, 0.32737610 
960, 0.33335090 
960, 0.23688780 
960, 0.28971850 
960, 0.23663660 
960, 0.29756440 
960, 0.24840950 
970, 0.24447710 
970, 0.27055480 
970, 0.22244770 
970, 0.22724190 
970, 0.21947950 
970, 0.18445070 
970, 0.26894340 
970, 0.18406310 
970, 0.25318290 
970, 0.20916690 
970, 0.27094620 
970, 0.23673770 
970, 0.28410840 
970, 0.22951910 
970, 0.23807150 
970, 0.16907450 
970, 0.24864400 
970, 0.18279670 
970, 0.23696710 
970, 0.21829840 
980, 0.17656720 
980, 0.24734470 
980, 0.22358330 
980, 0.21962590 
980, 0.15958650 
980, 0.20485940 
980, 0.20279270 
980, 0.25207760 
980, 0.23054190 
980, 0.17164080 
980, 0.23221160 
980, 0.23164570 
980, 0.20524580 
980, 0.22150410 
980, 0.16397040 
980, 0.19642620 
980, 0.19173860 
980, 0.16875380 
980, 0.24866520 
980, 0.20692620 
990, 0.22435510 
990, 0.25980230 
990, 0.23420780 
990, 0.22131240 
990, 0.22039550 
990, 0.17365710 
990, 0.23092070 
990, 0.16141310 
990, 0.18493300 
990, 0.27519790 
990, 0.23747230 
990, 0.17648210 
990, 0.28730750 
990, 0.23421360 
990, 0.28755430 
990, 0.30242590 
990, 0.18035280 
990, 0.19935040 
990, 0.23273950 
990, 0.22787670 
1000, 0.23092640 
1000, 0.29411460 
1000, 0.22369720 
1000, 0.27025960 
1000, 0.17740070 
1000, 0.22995640 
1000, 0.17863500 
1000, 0.22064250 
1000, 0.24989910 
1000, 0.26575530 
1000, 0.24102390 
1000, 0.21997190 
1000, 0.18109300 
1000, 0.19027030 
1000, 0.19376450 
1000, 0.18406370 
1000, 0.29288490 
1000, 0.16632490 
1000, 0.22719140 
1000, 0.23179640 
